TCGA ID,MKI67,AURKA,BIRC5,CCNB1,MYBL2,MMP11,CTSV,ESR1,PGR,BCL2,SCUBE2,GRB7,ERBB2,GSTM1,CD68,BAG1,ACTB,GAPDH,RPLP0,GUSB,TFRC,filename,path,slide_id,bcr_patient_barcode,OS,OS.time,PFI,PFI.time,aperio.AppMag,tumor,TCGA patient
TCGA-LD-A66U-01A,0.3142044055428484,0.6604195757954745,0.7906299287657358,1.2541539640003114,1.0025461731191667,2.1715565045169147,0.2395997518850423,1.131974550158036,1.0879091327000094,0.9077068814504248,2.0136001535177472,1.2345147526516882,1.699850728501396,0.003245054813147,0.0075344178972576,1.3585762907887398,3.190683054343907,2.8430733621453284,2.7893490501657707,1.5520717161904352,0.9439295816772836,TCGA-LD-A66U-01A-01-TS1.A7BDD6E8-BEE1-4F56-B1BF-4100706FC690.svs,TCGA-LD-A66U-01A-01-TS1.A7BDD6E8-BEE1-4F56-B1BF-4100706FC690.h5,TCGA-LD-A66U-01A-01-TS1.A7BDD6E8-BEE1-4F56-B1BF-4100706FC690.h5,TCGA-LD-A66U,0.0,646.0,0.0,646.0,40.0,1,TCGA-LD-A66U
TCGA-A2-A0CT-01A,0.7827305442858553,1.2860363438099385,1.2444898853449502,1.4270135812201976,1.0549116729414212,1.6325676233868955,0.4688345304327518,1.7485732924226378,0.0537313158876073,0.9729846052017068,1.4243245335306336,1.1401653746126186,1.87149354112582,1.5554028212246307,0.0,0.9518327401121024,2.842416260169994,2.5622252758369166,2.5485239241638755,1.2767420519696209,1.3345080345685258,TCGA-A2-A0CT-01A-03-BSC.af279bd3-085c-4035-9a0d-bb02d801636e.svs,TCGA-A2-A0CT-01A-03-BSC.af279bd3-085c-4035-9a0d-bb02d801636e.h5,TCGA-A2-A0CT-01A-03-BSC.af279bd3-085c-4035-9a0d-bb02d801636e.h5,TCGA-A2-A0CT,0.0,2289.0,0.0,2289.0,40.0,1,TCGA-A2-A0CT